Nombre,Fecha de nacimiento,Residencia,Nacionalidad,Cargos,Educación,Trabajos previos,Área,Partido político,Familia,URL
Michelle Bachelet,"29 de septiembre de 1951 (73 años)Santiago, Chile",La Reina,Chilena,Médica; y; política; ,; Universidad de Chile,; Alta comisionada de las Naciones Unidas para los Derechos Humanos – 1 de septiembre de 2018-31 de agosto de 2022; ; Presidenta de la República de Chile – 11 de marzo de 2014-11 de marzo de 2018; ; Directora ejecutiva de ONU Mujeres; Secretaria general adjunta de la ONU – 14 de septiembre de 2010-15 de marzo de 2013; ; Vicepresidenta de Club de Madridpara Sur Global y América Latina – Desde el 8 de abril de 2024; ; Presidenta pro tempore de la Alianza del Pacífico – 1 de julio de 2016-30 de junio de 2017; ; Presidenta pro tempore de laUnión de Naciones Suramericanas – 23 de mayo de 2008-10 de agosto de 2009; ; Ministra de Defensa Nacional de Chile – 7 de enero de 2002-29 de septiembre de 2004; ; Ministra de Salud de Chile – 11 de marzo de 2000-7 de enero de 2002; ,,; Partido Socialista,Ángela Jeria (https://es.wikipedia.org/wiki/%C3%81ngela_Jeria); Alberto Bachelet (https://es.wikipedia.org/wiki/Alberto_Bachelet); ; Sebastián (https://es.wikipedia.org/wiki/Sebasti%C3%A1n_D%C3%A1valos); ,https://es.wikipedia.org/wiki/Michelle_Bachelet
Ángela Jeria,22 de agosto de 1926 Talca (Chile),"Santiago, Chile",Chilena,Arqueóloga; ,Universidad de Chile,,,; Partido Amplio de Izquierda Socialista; ; Partido Socialista de Chile,; Alberto Bachelet Martínez (https://es.wikipedia.org/wiki/Alberto_Bachelet); Michelle (https://es.wikipedia.org/wiki/Michelle_Bachelet); ,https://es.wikipedia.org/wiki/%C3%81ngela_Jeria
Alberto Bachelet,"27 de abril de 1923 Santiago, Chile",,Chilena,"Político; ,; militar; y; piloto de aviación; ",Internado Nacional Barros Arana,,,Independiente; Unidad Popular,; Ángela Jeria (https://es.wikipedia.org/wiki/%C3%81ngela_Jeria); Michelle Bachelet Jeria (https://es.wikipedia.org/wiki/Michelle_Bachelet_Jeria); ,https://es.wikipedia.org/wiki/Alberto_Bachelet
Sebastián Dávalos,"1 de junio de 1978 (46 años)Leipzig, República Democrática Alemana","Santiago, Chile",Chilena,Politólogo; y; político; Cohecho; y; estafa; ,; Universidad Central de Chile,; Director del Área Sociocultural de la Presidencia de la República de Chile – 17 de marzo de 2014-13 de febrero de 2015; ,,Partido Socialista,Michelle Bachelet Jeria (https://es.wikipedia.org/wiki/Michelle_Bachelet); ; ; ,https://es.wikipedia.org/wiki/Sebasti%C3%A1n_D%C3%A1valos
Axel Kaiser,4 de julio de 1981  (43 años)Santiago (Chile),Miami,Chilena y alemana,"Abogado; ,; escritor; ,; columnista; ,; profesor universitario; y; activista político; Director ejecutivo; (2012-2019); Presidente; (desde 2020); ",Universidad Diego Portales; B.L.; Universidad de Heidelberg; Maestría en Leyes; M.A.; Ph.D.,,"Estudios norteamericanos, filosofía política y economía política",,Johannes Kaiser (https://es.wikipedia.org/wiki/Johannes_Kaiser_Barents-Von_Hohenhagen); Vanessa Kaiser (https://es.wikipedia.org/wiki/Vanessa_Kaiser); Leif Kaiser; ,https://es.wikipedia.org/wiki/Axel_Kaiser
Johannes Kaiser (político),"5 de enero de 1976 (49 años)Santiago, Chile",,Chilena,Político; y; activista; ,,; Diputado de la República de Chile; Distrito N.o 10; La Granja; Macul; Ñuñoa; Providencia; San Joaquín; Santiago – Desde el 11 de marzo de 2022; ,,Republicano; [4]; [5]; [6]; [7]; Nacional Libertario; [8],[9]; [10]; Axel (https://es.wikipedia.org/wiki/Axel_Kaiser); Vanessa Kaiser (https://es.wikipedia.org/wiki/Vanessa_Kaiser); ,https://es.wikipedia.org/wiki/Johannes_Kaiser_Barents-Von_Hohenhagen
Vanessa Kaiser,"25 de octubre de 1977  (47 años) Santiago de Chile, (Chile)","Valparaiso, y Santiago de Chile",Chilena,"Columnista; ,; política; y; youtuber; ",Universidad Finis Terrae; Universidad de Chile; Pontificia Universidad Católica de Chile,; Concejal; Las Condes – 28 de junio de 2021-28 de abril de 2022; ,,; Partido Nacional Libertario; ; Partido Republicano,Johannes Kaiser (https://es.wikipedia.org/wiki/Johannes_Kaiser_Barents-Von_Hohenhagen); Axel Kaiser (https://es.wikipedia.org/wiki/Axel_Kaiser); Leif Kaiser; Friedrich Kaiser; ,https://es.wikipedia.org/wiki/Vanessa_Kaiser
Sebastián Piñera,"1 de diciembre de 1949Santiago, Chile",,Chilena,"Político; ,; empresario; ,; economista; , inversor,; consultor; ,; ingeniero; , dirigente deportivo y; emprendedor; ",Pontificia Universidad Católica de Chile; B.S.; Ingeniería comercial; Universidad Harvard; M.A.; Ph.D.; Ciencias Económicas,"; Presidente de la República de Chile – 11 de marzo de 2018-11 de marzo de 2022; Presidente pro tempore del Foro para el Progreso de América del Sur – 22 de marzo de 2019-12 de diciembre de 2020; ; Presidente pro tempore de la Comunidad de Estados Latinoamericanos y Caribeños – 3 de diciembre de 2011-28 de enero de 2013; ; Presidente pro tempore de la Alianza del Pacífico – 6 de julio de 2019-11 de diciembre de 2020; ; Senador de la República de Chile; Circunscripción 8, Santiago Oriente – 11 de marzo de 1990-11 de marzo de 1998; ","Economía, política y emprendimiento",Independiente; [nota 1]; Renovación Nacional,Familia Piñera; ; José Piñera (https://es.wikipedia.org/wiki/Jos%C3%A9_Pi%C3%B1era_Carvallo); ; ; Cecilia Morel (https://es.wikipedia.org/wiki/Cecilia_Morel); ; José (https://es.wikipedia.org/wiki/Jos%C3%A9_Pi%C3%B1era_Echenique); Miguel (https://es.wikipedia.org/wiki/Miguel_Pi%C3%B1era); Pablo Piñera Echenique (https://es.wikipedia.org/wiki/Pablo_Pi%C3%B1era); Bernardino Piñera (https://es.wikipedia.org/wiki/Bernardino_Pi%C3%B1era); ,https://es.wikipedia.org/wiki/Sebasti%C3%A1n_Pi%C3%B1era
José Piñera Carvallo,"22 de septiembre de 1917París, Francia",,Chilena,"Ingeniero; ,; diplomático; y; político; ",Pontificia Universidad Católica de Chile; Colegio de los Sagrados Corazones de Santiago,Embajador de Chile; Bélgica; ;  – 9 de abril de 1967-25 de julio de 1967; Embajador de Chile; Naciones Unidas; ;  – 1964-1970; ; Presidente; Federación de Estudiantes de la Universidad Católica de Chile – 1938-1945; ,,Partido Demócrata Cristiano; ,; ; José Piñera Echenique (https://es.wikipedia.org/wiki/Jos%C3%A9_Pi%C3%B1era_Echenique); Miguel Piñera (https://es.wikipedia.org/wiki/Miguel_Pi%C3%B1era); Pablo Piñera Echenique (https://es.wikipedia.org/wiki/Pablo_Pi%C3%B1era); Sebastián Piñera (https://es.wikipedia.org/wiki/Sebasti%C3%A1n_Pi%C3%B1era); ; ,https://es.wikipedia.org/wiki/Jos%C3%A9_Pi%C3%B1era_Carvallo
José Piñera Echenique,"6 de octubre de 1948 (76 años)Santiago, Chile","Santiago, Chile",Chilena,Economista; y; político; ,Pontificia Universidad Católica de Chile; Colegio del Verbo Divino,; Concejal; Conchalí – 26 de septiembre de 1992-6 de diciembre de 1996; ; Ministro de Minería de Chile – 29 de diciembre de 1980-4 de diciembre de 1981; ; Ministro del Trabajo y Previsión Social de Chile – 26 de diciembre de 1978-29 de diciembre de 1980; ,,; Unión Demócrata Independiente; [1],José Piñera Carvallo (https://es.wikipedia.org/wiki/Jos%C3%A9_Pi%C3%B1era_Carvallo); ; ; Sebastián (https://es.wikipedia.org/wiki/Sebasti%C3%A1n_Pi%C3%B1era); Miguel (https://es.wikipedia.org/wiki/Miguel_Pi%C3%B1era); Pablo Piñera Echenique (https://es.wikipedia.org/wiki/Pablo_Pi%C3%B1era_Echenique); ,https://es.wikipedia.org/wiki/Jos%C3%A9_Pi%C3%B1era_Echenique
Miguel Piñera,18 de octubre de 1954 Santiago de Chile (Chile),,Chilena,"Cantante; ,; emprendedor; ,; compositor de canciones; y; guitarrista; ",Colegio del Verbo Divino; Saint George's College,,,,Familia Piñera; José Piñera (https://es.wikipedia.org/wiki/Jos%C3%A9_Pi%C3%B1era_Carvallo); ; ; ; José (https://es.wikipedia.org/wiki/Jos%C3%A9_Pi%C3%B1era_Echenique); Sebastián (https://es.wikipedia.org/wiki/Sebasti%C3%A1n_Pi%C3%B1era); Pablo Piñera Echenique (https://es.wikipedia.org/wiki/Pablo_Pi%C3%B1era_Echenique); Bernardino Piñera (https://es.wikipedia.org/wiki/Bernardino_Pi%C3%B1era); ,https://es.wikipedia.org/wiki/Miguel_Pi%C3%B1era
Pablo Piñera,"11 de diciembre de 1950 (74 años)Santiago, Chile","Santiago, Chile",Chilena,"Economista; ,; académico; ,; investigador; y; político; ",Universidad Católica de Chile,; Embajador de Chile en Argentina; ;  – 19 de abril de 2018-28 de abril de 2018[1]​; ; Consejero del Banco Central de Chile – 7 de diciembre de 1991-26 de marzo de 2001; ; Subsecretario de Obras Públicas de Chile – 2005-11 de marzo de 2006; ; Subsecretario de Hacienda de Chile – 11 de marzo de 1990-7 de diciembre de 1991; ,,Independiente; ; Partido Demócrata Cristiano; [2],José Piñera Carvallo (https://es.wikipedia.org/wiki/Jos%C3%A9_Pi%C3%B1era_Carvallo); Sebastián Piñera (https://es.wikipedia.org/wiki/Sebasti%C3%A1n_Pi%C3%B1era); José Piñera Echenique (https://es.wikipedia.org/wiki/Jos%C3%A9_Pi%C3%B1era_Echenique); Miguel Piñera (https://es.wikipedia.org/wiki/Miguel_Pi%C3%B1era); Bernardino Piñera (https://es.wikipedia.org/wiki/Bernardino_Pi%C3%B1era); ,https://es.wikipedia.org/wiki/Pablo_Pi%C3%B1era
Cecilia Morel,"14 de enero de 1954 (71 años)Santiago, Chile","Las Condes, Chile[2]​",Chilena,Política; y orientadora familiar; ,Pontificia Universidad Católica de Chile; Universidad Mayor,; Primera dama de Chile – 11 de marzo de 2018-11 de marzo de 2022; ; Directora del Área Sociocultural de la Presidencia de la República de Chile – 11 de marzo de 2018-11 de marzo de 2022; ,,Renovación Nacional; ,; Sebastián Piñera (https://es.wikipedia.org/wiki/Sebasti%C3%A1n_Pi%C3%B1era); ; Alicia Morel (https://es.wikipedia.org/wiki/Alicia_Morel); ,https://es.wikipedia.org/wiki/Cecilia_Morel
Alicia Morel,"26 de julio de 1921Santiago, Chile Chile",,Chilena,Escritora; y; poetisa; ,,,,,William Thayer (https://es.wikipedia.org/wiki/William_Thayer); ; Cecilia Morel (https://es.wikipedia.org/wiki/Cecilia_Morel); Luis Thayer Correa (https://es.wikipedia.org/wiki/Luis_Thayer_Correa); ,https://es.wikipedia.org/wiki/Alicia_Morel
Fernando Castillo Velasco,"15 de agosto de 1918Santiago, Chile","Santiago, Chile",Chilena,Arquitecto; y; político; ,Universidad Católica de Chile,; Alcalde de La Reina – 6 de diciembre de 1996-6 de diciembre de 2004; Intendente de la Región Metropolitana de Santiago – 11 de marzo de 1994-8 de septiembre de 1994; ; Rector de la Pontificia Universidad Católica de Chile – 1967-1973; ,,; Partido Demócrata Cristiano,Mónica Echeverría Echeverría (https://es.wikipedia.org/wiki/M%C3%B3nica_Echeverr%C3%ADa); Carmen Castillo (https://es.wikipedia.org/wiki/Carmen_Castillo_(cineasta)); ; ,https://es.wikipedia.org/wiki/Fernando_Castillo_Velasco
Mónica Echeverría,"2 de septiembre de 1920Santiago, Chile",,Chilena,Escritora; y; profesora; ,Universidad de Chile; Pontificia Universidad Católica de Chile,,,Independientes por el Consenso Democrático,María Flora Yáñez (https://es.wikipedia.org/wiki/Mar%C3%ADa_Flora_Y%C3%A1%C3%B1ez); Fernando Castillo Velasco (https://es.wikipedia.org/wiki/Fernando_Castillo_Velasco); Carmen (https://es.wikipedia.org/wiki/Carmen_Castillo_(cineasta)); Eliodoro Yáñez (https://es.wikipedia.org/wiki/Eliodoro_Y%C3%A1%C3%B1ez); Juan Emar (https://es.wikipedia.org/wiki/Juan_Emar); ,https://es.wikipedia.org/wiki/M%C3%B3nica_Echeverr%C3%ADa
María Flora Yáñez,1898 Chile Chile,,Chilena,Escritora; ,,,,,Eliodoro Yáñez (https://es.wikipedia.org/wiki/Eliodoro_Y%C3%A1%C3%B1ez); ; ; ; Alfonso; Mónica (https://es.wikipedia.org/wiki/M%C3%B3nica_Echeverr%C3%ADa); Juan Emar (https://es.wikipedia.org/wiki/Juan_Emar); ,https://es.wikipedia.org/wiki/Mar%C3%ADa_Flora_Y%C3%A1%C3%B1ez
Eliodoro Yáñez,"6 de mayo de 1860Santiago, Chile","Valparaíso, Chile",Chilena,"Abogado; ,; diplomático; ,; periodista; y; político; ",Universidad de Chile,"; Presidente del Senado de Chile – 2 de junio-11 de septiembre de 1924; ; Ministro del Interior de Chile – 12 de octubre de 1917-18 de enero de 1918; ; Senador de la República de Chile; Valdivia – 15 de mayo de 1912-15 de mayo de 1930; ; Senador de la República de Chile; Valdivia; La Unión – 1 de junio de 1902-1 de septiembre de 1903; ; Ministro de Relaciones Exteriores, Culto y Colonización de Chile – 18 de septiembre de 1901-6 de mayo de 1902; ; Diputado de la República de Chile; Valdivia; La Unión – 1 de junio de 1894-1 de junio de 1900; ",,Partido Liberal Democrático; ; Partido Liberal,; ; Álvaro (https://es.wikipedia.org/wiki/Juan_Emar); María Flora (https://es.wikipedia.org/wiki/Mar%C3%ADa_Flora_Y%C3%A1%C3%B1ez); Luis Fidel Yáñez Ponce de León; Mónica Echeverría (https://es.wikipedia.org/wiki/M%C3%B3nica_Echeverr%C3%ADa); ,https://es.wikipedia.org/wiki/Eliodoro_Y%C3%A1%C3%B1ez
Juan Emar,13 de noviembre de 1893 Santiago de Chile (Chile),,Chilena,"Escritor; ,; pintor; ,; crítico de arte; ,; novelista; y; escritor de cuentos; ",Académie de la Grande Chaumière,,,,Eliodoro Yáñez (https://es.wikipedia.org/wiki/Eliodoro_Y%C3%A1%C3%B1ez); ; ; ; ; Mónica Echeverría (https://es.wikipedia.org/wiki/M%C3%B3nica_Echeverr%C3%ADa); ,https://es.wikipedia.org/wiki/Juan_Emar
Fidelma Allende,"15 de febrero de 1932 (93 años) Los Andes, Chile","Santiago, Chile",Chilena,Profesora; y; política; ,Universidad de Chile,; Diputada de la República de Chile; 7.ª Agrupación Departamental; Santiago – 15 de mayo de 1973-21 de septiembre de 1973[nota 1]​; ; Regidora; Santiago – 16 de mayo de 1971-1972; ,,Socialista,; ; ,https://es.wikipedia.org/wiki/Fidelma_Allende
Pedro Humberto Allende,"29 de julio de 1885, SantiagoSantiago de Chile (Chile)",,Chilena,"Compositor; ,; pianista; y; profesor; ",,,,,; ; ,https://es.wikipedia.org/wiki/Pedro_Humberto_Allende
Beatriz Allende,8 de septiembre de 1942 Santiago de Chile (Chile),,Chilena,"Política; ,; revolucionaria; y; cirujana; ",Universidad de Concepción; Universidad de Chile,,,Partido Socialista de Chile; [1],Familia Allende; ; Salvador Allende (https://es.wikipedia.org/wiki/Salvador_Allende); ; Hortensia Bussi (https://es.wikipedia.org/wiki/Hortensia_Bussi); ; ; Maya Fernández (https://es.wikipedia.org/wiki/Maya_Fern%C3%A1ndez); ,https://es.wikipedia.org/wiki/Beatriz_Allende
Salvador Allende,26 de junio de 1908Santiago (Chile),"Santiago, Chile",Chilena,Médico cirujano y político; ,Universidad de Chile; Medicina; Colegio Nacional Coronel Bolognesi; Educación primaria; Liceo Bernardo O'Higgins; Instituto Nacional; Educación secundaria; Liceo Eduardo de la Barra de Valparaíso,"; Presidente de la República de Chile – 3 de noviembre de 1970-11 de septiembre de 1973; ; Presidente del Senado de Chile – 27 de diciembre de 1966-15 de mayo de 1969; ; Senador de la República de Chile; 10.ª Agrupación Provincial; Chiloé; Aysén; Magallanes – 15 de mayo de 1969-3 de noviembre de 1970; ; Senador de la República de Chile; 3.ª Agrupación Provincial; Aconcagua; Valparaíso – 15 de mayo de 1961-15 de mayo de 1969; ; Senador de la República de Chile; 1.ª Agrupación Provincial; Tarapacá; Antofagasta – 15 de mayo de 1953-15 de mayo de 1961; ; Senador de la República de Chile; 9.ª Agrupación Provincial; Valdivia; Osorno; Llanquihue; Chiloé; Aysén; Magallanes – 15 de mayo de 1945-15 de mayo de 1953; ; Ministro de Salubridad, Previsión y Asistencia Social de Chile – 28 de agosto de 1939-2 de abril de 1942; ; Diputado de la República de Chile; 6.ª Agrupación Departamental; Valparaíso; Quillota – 15 de mayo de 1937-28 de agosto de 1939; ",,; Partido Socialista; Partido Socialista Popular,Familia Allende; ; Salvador Allende Castro (https://es.wikipedia.org/wiki/Salvador_Allende_Castro); Hortensia Bussi Soto (https://es.wikipedia.org/wiki/Hortensia_Bussi); Beatriz (https://es.wikipedia.org/wiki/Beatriz_Allende); María Isabel (https://es.wikipedia.org/wiki/Isabel_Allende_Bussi); Maya Fernández (https://es.wikipedia.org/wiki/Maya_Fern%C3%A1ndez); Marcia Tambutti (https://es.wikipedia.org/wiki/Marcia_Tambutti_Allende); Laura Allende Gossens (https://es.wikipedia.org/wiki/Laura_Allende_Gossens); Denise Pascal Allende (https://es.wikipedia.org/wiki/Denise_Pascal_Allende); Isabel Allende (https://es.wikipedia.org/wiki/Isabel_Allende); ,https://es.wikipedia.org/wiki/Salvador_Allende
Salvador Allende Castro,22 de noviembre de 1871 Valparaíso (Chile),,Chilena,"Abogado; ,; político; y; periodista; ",,,,Partido Radical,Familia Allende; ; ; Salvador Allende (https://es.wikipedia.org/wiki/Salvador_Allende); Laura Allende (https://es.wikipedia.org/wiki/Laura_Allende_Gossens); ; ,https://es.wikipedia.org/wiki/Salvador_Allende_Castro
Hortensia Bussi,"22 de julio de 1914Rancagua, Chile",,Chilena,Profesora; ,Universidad de Chile,; Primera dama de Chile – 4 de noviembre de 1970-11 de septiembre de 1973; ,,; Partido Socialista,; Salvador Allende Gossens (https://es.wikipedia.org/wiki/Salvador_Allende_Gossens); Beatriz (https://es.wikipedia.org/wiki/Beatriz_Allende); Isabel (https://es.wikipedia.org/wiki/Isabel_Allende_Bussi); ,https://es.wikipedia.org/wiki/Hortensia_Bussi
Isabel Allende Bussi,"18 de enero de 1945 (80 años)Santiago, Chile","Santiago, Chile",Chilena,Socióloga; y política; ,; Universidad de Chile,; Senadora de la República de Chile; Circunscripción 6; Región de Valparaíso – Desde el 11 de marzo de 2018; ; Vicepresidenta de la Internacional Socialista – Desde el 4 de marzo de 2017; ; Senadora de la República de Chile; Circunscripción 3; Región de Atacama – 11 de marzo de 2010-11 de marzo de 2018; ; Presidenta del Senado de Chile – 11 de marzo de 2014-15 de marzo de 2015; ; Presidenta de la Cámara de Diputados de Chile – 18 de marzo de 2003-16 de marzo de 2004; ; Diputada de la República de Chile; Distrito N.º 29; La Pintana; Pirque; Puente Alto; San José de Maipo – 11 de marzo de 1998-11 de marzo de 2010; ; Diputada de la República de Chile; Distrito N.º 9; Canela; Combarbalá; Illapel; Los Vilos; Monte Patria; Punitaqui; Salamanca – 11 de marzo de 1994-11 de marzo de 1998; ,,; Partido Socialista,Familia Allende; ; Hortensia Bussi Soto (https://es.wikipedia.org/wiki/Hortensia_Bussi); Salvador Allende Gossens (https://es.wikipedia.org/wiki/Salvador_Allende); ; Marcia Tambutti Allende (https://es.wikipedia.org/wiki/Marcia_Tambutti); Gonzalo Meza Allende; ,https://es.wikipedia.org/wiki/Isabel_Allende_Bussi
Maya Fernández,27 de septiembre de 1971  (53 años)Santiago de Chile (Chile),"Ñuñoa, Chile",Chilena,"Política; ,; bióloga; y; veterinaria; ",Universidad de Chile; Biología; Veterinaria,; Ministra de Defensa Nacional de Chile – 11 de marzo de 2022-10 de marzo de 2025; ; Presidenta de la Cámara de Diputados de Chile – 11 de marzo de 2018-19 de marzo de 2019; ; Diputada de la República de Chile; Distrito N.º 10; La Granja; Macul; Ñuñoa; Providencia; San Joaquín; Santiago – 11 de marzo de 2018-11 de marzo de 2022; ; Diputada de la República de Chile; Distrito N.º 21; Ñuñoa; Providencia – 11 de marzo de 2014-11 de marzo de 2018; ; Concejala de Ñuñoa – 6 de diciembre de 2008-14 de noviembre de 2012; ,,; Partido Socialista,Beatriz Patricia Ximena Allende Bussi (https://es.wikipedia.org/wiki/Beatriz_Allende); ; [1]; Salvador Allende (https://es.wikipedia.org/wiki/Salvador_Allende); Isabel Allende Bussi (https://es.wikipedia.org/wiki/Isabel_Allende_Bussi); Isabel Allende Llona (https://es.wikipedia.org/wiki/Isabel_Allende_Llona); Alejandro Salvador Fernández; Ramón Allende Padín (https://es.wikipedia.org/wiki/Ram%C3%B3n_Allende_Pad%C3%ADn); ,https://es.wikipedia.org/wiki/Maya_Fern%C3%A1ndez
Marcia Tambutti,"1971 Santiago, Chile",,Chilena,"Guionista; ,; directora de cine; y; bióloga; ",Universidad Nacional Autónoma de México; Escuela Imperial de Londres,,,,Familia Allende; ; Romilio Tambutti; Isabel Allende Bussi (https://es.wikipedia.org/wiki/Isabel_Allende_Bussi); Salvador Allende (https://es.wikipedia.org/wiki/Salvador_Allende); Hortensia Bussi (https://es.wikipedia.org/wiki/Hortensia_Bussi); ,https://es.wikipedia.org/wiki/Marcia_Tambutti_Allende
Laura Allende Gossens,"3 de septiembre de 1911 Valparaíso, Chile",,Chilena,Política; ,Universidad de Chile,; Diputada de la República de Chile; 7.ª Agrupación Departamental; Santiago – 15 de mayo de 1965-21 de septiembre de 1973[n. 1]​; ,,; Partido Socialista,Familia Allende; ; Salvador Allende Castro (https://es.wikipedia.org/wiki/Salvador_Allende_Castro); ; Andrés (https://es.wikipedia.org/wiki/Andr%C3%A9s_Pascal_Allende); Denise (https://es.wikipedia.org/wiki/Denise_Pascal_Allende); [1]; ,https://es.wikipedia.org/wiki/Laura_Allende_Gossens
Denise Pascal,"19 de julio de 1940 (84 años) Santiago, Chile","Santiago, Chile",Chilena,Diseñadora; paisajista y; politóloga; ,,; Diputada de la República de Chile; Distrito N.º 31; Alhué; Curacaví; El Monte; Isla de Maipo; María Pinto; Melipilla; Padre Hurtado; Peñaflor; San Pedro; Talagante – 11 de marzo de 2006-11 de marzo de 2018; Gobernadora de la Provincia de Melipilla – 11 de marzo de 1994-11 de marzo de 2000; ,,; Socialista,Laura Allende Gossens (https://es.wikipedia.org/wiki/Laura_Allende_Gossens); ; ; Andrés Pascal Allende (https://es.wikipedia.org/wiki/Andr%C3%A9s_Pascal_Allende); Salvador Allende Gossens (https://es.wikipedia.org/wiki/Salvador_Allende_Gossens); ,https://es.wikipedia.org/wiki/Denise_Pascal_Allende
Isabel Allende,2 de agosto de 1942  (82 años)Lima (Perú),,Chilena Estadounidense[2]​,Novelista; ,Liceo Nº 1 Javiera Carrera,,,Partido Demócrata; ,; [1]; Paula (https://es.wikipedia.org/wiki/Paula_Fr%C3%ADas_Allende); Salvador Allende (https://es.wikipedia.org/wiki/Salvador_Allende); ,https://es.wikipedia.org/wiki/Isabel_Allende
Paula Frías Allende,22 de octubre de 1963Santiago de Chile,,chilena,Psicóloga; ,,,,,Familia Allende; ; Isabel Allende (https://es.wikipedia.org/wiki/Isabel_Allende); ; ,https://es.wikipedia.org/wiki/Paula_Fr%C3%ADas_Allende
Ramón Allende,"19 de marzo de 1845 Valparaíso, Chile",,Chilena,"Médico; ,; cirujano; ,; político; ",Universidad de Chile; Instituto Nacional; Liceo Eduardo de la Barra de Valparaíso,; Gran Maestro de la Gran Logia de Chile – 1884-1884; ; Senador de la República de Chile; Atacama – 1882-14 de octubre de 1884; ; Diputado de la República de Chile; Copiapó; Chañaral; Freirina – 1879-1882; ; Diputado de la República de Chile; Santiago – 1876-1879; ,,Radical,Familia Allende; ; ; Salvador Allende Castro (https://es.wikipedia.org/wiki/Salvador_Allende_Castro); ; Salvador Allende (https://es.wikipedia.org/wiki/Salvador_Allende); Isabel Allende (https://es.wikipedia.org/wiki/Isabel_Allende_Bussi); Maya Fernández (https://es.wikipedia.org/wiki/Maya_Fern%C3%A1ndez); ,https://es.wikipedia.org/wiki/Ram%C3%B3n_Allende_Pad%C3%ADn
Andrés Pascal Allende,12 de julio de 1943  (81 años)Santiago de Chile (Chile),,Chilena,"Político; ,; sociólogo; y; guerrillero; ",Pontificia Universidad Católica de Chile; Saint George's College,; Secretario general; Movimiento de Izquierda Revolucionaria – 1974-1985; ,,Partido Socialista de Chile; Movimiento de Izquierda Revolucionaria; ,Laura Allende Gossens (https://es.wikipedia.org/wiki/Laura_Allende_Gossens); Carmen Castillo Echeverría (https://es.wikipedia.org/wiki/Carmen_Castillo_(cineasta)); segundas nupcias (https://es.wikipedia.org/wiki/Segundas_nupcias); terceras nupcias; ; Salvador Allende (https://es.wikipedia.org/wiki/Salvador_Allende); Pedro Pascal (https://es.wikipedia.org/wiki/Pedro_Pascal); ,https://es.wikipedia.org/wiki/Andrés_Pascal_Allende
Pedro Pascal,2 de abril de 1975 (50 años)Santiago de Chile (Chile),Nueva York (Estados Unidos),Chilena,"Actor; ,; actor de voz; y; director de escena; ",New York University Tisch School of the Arts; Universidad de Nueva York; Actuación,,,,Familia Allende; ; Lux Pascal (https://es.wikipedia.org/wiki/Lux_Pascal); Javiera Balmaceda (https://es.wikipedia.org/wiki/Javiera_Balmaceda); ,https://es.wikipedia.org/wiki/Pedro_Pascal
Lux Pascal,"4 de junio de 1992 (32 años)Condado de Orange, California, Estados Unidos",,Chilena y estadounidense,Actriz; ,Saint George's College; Pontificia Universidad Católica de Chile; Lic.; Actuación; Escuela Juilliard; Maestría,,,,Familia Balmaceda; Familia Allende; ; Pedro Pascal (https://es.wikipedia.org/wiki/Pedro_Pascal); Javiera Balmaceda (https://es.wikipedia.org/wiki/Javiera_Balmaceda); ,https://es.wikipedia.org/wiki/Lux_Pascal
Javiera Balmaceda,1972 Chile,,Chilena y estadounidense,Productora de cine; ,,,,,; ; Pedro Pascal (https://es.wikipedia.org/wiki/Pedro_Pascal); Lux Pascal (https://es.wikipedia.org/wiki/Lux_Pascal); ,https://es.wikipedia.org/wiki/Javiera_Balmaceda
José Manuel Balmaceda,"19 de julio de 1840Hacienda Bucalemu, Departamento de Melipilla, Chile","Santiago y Valparaíso, Chile",Chilena,"Político; ,; periodista; y; abogado; ",Colegio de los Padres Franceses; ; Instituto Nacional General José Miguel Carrera,; Presidente de la República de Chile – 18 de septiembre de 1886-29 de agosto de 1891; ; Senador de la República de Chile; Coquimbo – 1 de junio de 1885-18 de septiembre de 1886; ; Ministro del Interior de Chile – 12 de abril de 1882-3 de septiembre de 1885; ; Ministro de Relaciones Exteriores de Chile – 18 de septiembre de 1881-12 de abril de 1882; ; Diputado de la República de Chile; Carelmapu – 1 de junio de 1870-1 de junio de 1882; ,,; Partido Liberal,Manuel de Balmaceda Ballesteros (https://es.wikipedia.org/wiki/Manuel_de_Balmaceda_Ballesteros); Emilia de Toro Herrera (https://es.wikipedia.org/wiki/Emilia_de_Toro_Herrera); Pedro (https://es.wikipedia.org/wiki/Pedro_Balmaceda); Enrique (https://es.wikipedia.org/wiki/Enrique_Balmaceda_Toro); Tomás Jocelyn-Holt (https://es.wikipedia.org/wiki/Tom%C3%A1s_Jocelyn-Holt); Raúl Marín Balmaceda (https://es.wikipedia.org/wiki/Ra%C3%BAl_Mar%C3%ADn_Balmaceda); ,https://es.wikipedia.org/wiki/José_Manuel_Balmaceda
Manuel de Balmaceda Ballesteros,"1803Santiago, Capitanía General de Chile",,Chilena,Hacendado; ,,; Senador de la República de Chile; Santiago – 1858-1864; ,,Liberal,; José Manuel  (https://es.wikipedia.org/wiki/Jos%C3%A9_Manuel_Balmaceda_Fern%C3%A1ndez); José María (https://es.wikipedia.org/wiki/Jos%C3%A9_Mar%C3%ADa_Balmaceda_Fern%C3%A1ndez); José Rafael (https://es.wikipedia.org/wiki/Jos%C3%A9_Rafael_Balmaceda); José Elías (https://es.wikipedia.org/wiki/Jos%C3%A9_El%C3%ADas_Balmaceda); ,https://es.wikipedia.org/wiki/Manuel_de_Balmaceda_Ballesteros
José María Balmaceda Fernández,20 de agosto de 1846,,Chilena,Político; Senador de Chile; ,Colegio de los Sagrados Corazones de Santiago; Instituto Nacional,,,,Carlos Balmaceda Saavedra (https://es.wikipedia.org/wiki/Carlos_Balmaceda_Saavedra); ; ,https://es.wikipedia.org/wiki/Jos%C3%A9_Mar%C3%ADa_Balmaceda_Fern%C3%A1ndez
José Rafael Balmaceda,"23 de agosto de 1850Renca, Chile Chile",,chilena,político y diplomático; Diputado de Chile; Senador de Chile; ,Katholieke Universiteit Leuven; Bélgica,,,Partido Liberal; Partido Liberal Democrático,Manuel José Balmaceda Ballesteros (https://es.wikipedia.org/wiki/Manuel_de_Balmaceda_Ballesteros); ; Ernesto Balmaceda Bello (https://es.wikipedia.org/wiki/Ernesto_Balmaceda_Bello); José Manuel Balmaceda (https://es.wikipedia.org/wiki/Jos%C3%A9_Manuel_Balmaceda); José Daniel Balmaceda Fernández (https://es.wikipedia.org/wiki/Jos%C3%A9_Daniel_Balmaceda_Fern%C3%A1ndez); José Elías Balmaceda (https://es.wikipedia.org/wiki/Jos%C3%A9_El%C3%ADas_Balmaceda); Emilio Bello Codesido (https://es.wikipedia.org/wiki/Emilio_Bello_Codesido); ,https://es.wikipedia.org/wiki/Jos%C3%A9_Rafael_Balmaceda
José Elías Balmaceda,1 de diciembre de 1849 Santiago de Chile (Chile),,Chilena,"Político; ,; agricultor; y; poeta; Senador de Chile; ",,,,,,https://es.wikipedia.org/wiki/Jos%C3%A9_El%C3%ADas_Balmaceda
Emilia de Toro,"14 de noviembre de 1845Concepción, Chile Chile",,Chilena,Primera dama; ,,; Primera dama de Chile – 18 de septiembre de 1886-29 de agosto de 1891; ,,,; José Manuel Balmaceda (https://es.wikipedia.org/wiki/Jos%C3%A9_Manuel_Balmaceda); ; ; Mateo de Toro y Zambrano (https://es.wikipedia.org/wiki/Mateo_de_Toro_y_Zambrano); ,https://es.wikipedia.org/wiki/Emilia_de_Toro_Herrera
Pedro Balmaceda,"23 de abril de 1868 Santiago, Chile",,Chilena,Periodista; ,,,,,José Manuel Balmaceda (https://es.wikipedia.org/wiki/Jos%C3%A9_Manuel_Balmaceda); ; Emilia de Toro Herrera (https://es.wikipedia.org/wiki/Emilia_de_Toro); ; ,https://es.wikipedia.org/wiki/Pedro_Balmaceda
Enrique Balmaceda,"3 de marzo de 1878 Santiago, Chile",,Chilena,Político; y; diplomático; ,,"Embajador de Chile; Inglaterra; ;  – 15 de marzo de 1953-14 de noviembre de 1958; ; Ministro de Bienestar Social de Chile; Interino – 26 de marzo-20 de abril de 1928; ; Alcalde de Santiago – 18 de octubre de 1928-29 de agosto de 1929; ; Ministro de Obras Públicas, Comercio y Vías de Comunicación de Chile – 6-29 de septiembre de 1927; ; Ministro del Interior de Chile – 23 de mayo de 1927-22 de febrero de 1928; ; Ministro de Justicia e Instrucción Pública de Chile – 21 de julio de 1927-24 de febrero de 1928; ; Ministro de Guerra y Marina de Chile – 13 de mayo-17 de agosto de 1921; ; Diputado de la República de Chile; Castro – 15 de mayo de 1918-15 de mayo de 1924; ; Diputado de la República de Chile; Itata – 1 de marzo de 1906-1 de marzo de 1909; ",,Partido Liberal Democrático; ,José Manuel Balmaceda (https://es.wikipedia.org/wiki/Jos%C3%A9_Manuel_Balmaceda); ; Emilia de Toro Herrera (https://es.wikipedia.org/wiki/Emilia_de_Toro); ; ,https://es.wikipedia.org/wiki/Enrique_Balmaceda_Toro
Tomás Jocelyn-Holt,"16 de enero de 1963 (62 años)Santiago, Chile",,Chilena,Político; ,Pontificia Universidad Católica de Chile,; Diputado de la República de Chile; Distrito N.º 24; La Reina; Peñalolén – 11 de marzo de 1994-11 de marzo de 2002; ; Presidente; Federación de Estudiantes de la Universidad Católica de Chile – 1985-1986; ,,Partido Demócrata Cristiano; ,; ; ; ,https://es.wikipedia.org/wiki/Tom%C3%A1s_Jocelyn-Holt
Raúl Marín Balmaceda,"14 de noviembre de 1907Santiago,  Chile",,Chilena,Abogado; y; político; ,Universidad de Chile,; Senador de la República de Chile; 2ª Agrupación Provincial; Atacama; Coquimbo – 15 de mayo de 1949-20 de agosto de 1957; ; Diputado de la República de Chile; 4ª Agrupación Departamental; La Serena; Coquimbo; Elqui; Ovalle; Combarbalá; Illapel – 15 de mayo de 1937-15 de mayo de 1949; ,,; Partido Liberal,; ; José Manuel Balmaceda (https://es.wikipedia.org/wiki/Jos%C3%A9_Manuel_Balmaceda); ,https://es.wikipedia.org/wiki/Ra%C3%BAl_Mar%C3%ADn_Balmaceda
Aníbal Pinto,"15 de marzo de 1825 Santiago, Chile","Santiago, Chile",Chilena,Abogado; y; político; ,Universidad de Chile,; Presidente de la República de Chile – 18 de septiembre de 1876-18 de septiembre de 1881; ; Ministro de Guerra y Marina de Chile – 28 de septiembre de 1871-3 de abril de 1875; Intendente; provincia de Concepción – 1863-1870; ; Senador suplente de la República de Chile – 1870-1879; ; Diputado de la República de Chile; Ovalle; Parral; Chillán; Nacimiento – 1852-1870; ,,; Partido Liberal,Francisco Antonio Pinto (https://es.wikipedia.org/wiki/Francisco_Antonio_Pinto); ; Luisa Garmendia Alurralde (https://es.wikipedia.org/wiki/Luisa_Garmendia); ; Delfina de la Cruz Zañartu (https://es.wikipedia.org/wiki/Delfina_de_la_Cruz_Za%C3%B1artu); Francisco (https://es.wikipedia.org/wiki/Francisco_Antonio_Pinto_Cruz); Enriqueta Pinto (https://es.wikipedia.org/wiki/Enriqueta_Pinto); José Joaquín Prieto (https://es.wikipedia.org/wiki/Jos%C3%A9_Joaqu%C3%ADn_Prieto); Manuel Bulnes (https://es.wikipedia.org/wiki/Manuel_Bulnes); José Ignacio Garmendia Suárez (https://es.wikipedia.org/wiki/Jos%C3%A9_Ignacio_Garmendia_(militar)); Ignacio Carrera Pinto (https://es.wikipedia.org/wiki/Ignacio_Carrera_Pinto); ,https://es.wikipedia.org/wiki/Aníbal_Pinto
Francisco Antonio Pinto,"23 de julio de 1785Santiago, Capitanía general de Chile",Buenos Aires (Argentina)Santiago (Chile),Chilena,"Militar; ,; abogado; y; político; ",Real Universidad de San Felipe,; Presidente de la Cámara de Diputados de Chile – 30 de mayo de 1843-2 de junio de 1845; ; Presidente del Senado de Chile – 13 de septiembre de 1847-4 de junio de 18495 de julio - 6 de agosto de 1847; ; Diputado de la República de Chile; La Serena – 1843-1846; ; Senador de la República de Chile – 1846-18 de julio de 1858†; ; Presidente de la República de Chile – 19 de octubre-2 de noviembre de 1829; ; Presidente interino de la República de Chile – 8 de mayo de 1827-16 de julio de 1829; ; Vicepresidente de la República de Chile – 15 de febrero-8 de mayo de 1827; ; Ministro de Gobierno; Relaciones Exteriores de Chile – 12 de julio-22 de febrero de 1825; ; Intendente de Coquimbo – 5 de abril de 1825-1826; ; Ministro de Guerra de Chile – 2 de octubre de 1824-22 de febrero de 1825; ,,Partido Liberal,; Luisa Garmendia Alurralde (https://es.wikipedia.org/wiki/Luisa_Garmendia_Alurralde); Aníbal (https://es.wikipedia.org/wiki/An%C3%ADbal_Pinto); Enriqueta (https://es.wikipedia.org/wiki/Enriqueta_Pinto); Delfina de la Cruz (https://es.wikipedia.org/wiki/Delfina_de_la_Cruz); Manuel Bulnes (https://es.wikipedia.org/wiki/Manuel_Bulnes); Francisco Rozas Mendiburú (https://es.wikipedia.org/wiki/Francisco_Rozas_Mendibur%C3%BA); Ricardo Ariztía Urmeneta (https://es.wikipedia.org/wiki/Ricardo_Arizt%C3%ADa_Urmeneta); Manuel Bulnes Pinto (https://es.wikipedia.org/wiki/Manuel_Bulnes_Pinto); Francisco Antonio Pinto Cruz (https://es.wikipedia.org/wiki/Francisco_Antonio_Pinto_Cruz); Ignacio Carrera Pinto (https://es.wikipedia.org/wiki/Ignacio_Carrera_Pinto); ,https://es.wikipedia.org/wiki/Francisco_Antonio_Pinto
Luisa Garmendia,"1797Provincia de Tucumán, Virreinato del Río de la Plata,  Reino de España",,Argentina,Ama de casa; ,,; Primera dama de Chile – 19 de octubre-2 de noviembre de 1829; ,,,; Francisco Antonio Pinto (https://es.wikipedia.org/wiki/Francisco_Antonio_Pinto); ; Enriqueta (https://es.wikipedia.org/wiki/Enriqueta_Pinto); Aníbal (https://es.wikipedia.org/wiki/An%C3%ADbal_Pinto); José Ignacio Garmendia y Alurralde (https://es.wikipedia.org/wiki/Jos%C3%A9_Ignacio_Garmendia_y_Alurralde); ,https://es.wikipedia.org/wiki/Luisa_Garmendia_Alurralde
Enriqueta Pinto,"1817Tucumán,  Provincias Unidas del Río de la Plata",,Chilena,Ama de casa; ,,; Primera dama de Chile – 18 de septiembre de 1841-18 de septiembre de 1851; ,,,Francisco Antonio Pinto (https://es.wikipedia.org/wiki/Francisco_Antonio_Pinto); ; Luisa Garmendia Alurralde (https://es.wikipedia.org/wiki/Luisa_Garmendia); ; Manuel Bulnes (https://es.wikipedia.org/wiki/Manuel_Bulnes); ; Aníbal Pinto Garmendia (https://es.wikipedia.org/wiki/An%C3%ADbal_Pinto_Garmendia); ,https://es.wikipedia.org/wiki/Enriqueta_Pinto
Delfina de la Cruz,"24 de febrero de 1837Concepción,  Chile",,Chilena,"Primera dama; ,; pianista; y; compositora; ",,; Primera dama de la Nación – 18 de septiembre de 1876-18 de septiembre de 1881; ,,,José María de la Cruz Prieto (https://es.wikipedia.org/wiki/Jos%C3%A9_Mar%C3%ADa_de_la_Cruz_Prieto); Aníbal Pinto (https://es.wikipedia.org/wiki/An%C3%ADbal_Pinto); ; Francisco (https://es.wikipedia.org/wiki/Francisco_Antonio_Pinto_Cruz); ,https://es.wikipedia.org/wiki/Delfina_de_la_Cruz
Manuel Bulnes,"25 de diciembre de 1799Concepción, Capitanía General de Chile",,Chilena,Militar; y; político; ,Instituto Nacional,; Presidente de la República de Chile – 18 de septiembre de 1841-18 de septiembre de 1851; ; Senador de la República de Chile; Coelemu – 1 de marzo de 1852-18 de octubre de 1866†; ; General en Jefe; Ejército de Chile – 18 de septiembre de 1841-18 de octubre de 1866; Intendente de la provincia de Concepción – 1838-1838; ; Diputado de la República de Chile; Coelemu – 12 de agosto-31 de diciembre de 1823; ,,Partido Conservador,Manuel Bulnes Quevedo (https://es.wikipedia.org/wiki/Manuel_Bulnes_Quevedo); Enriqueta Pinto Garmendia (https://es.wikipedia.org/wiki/Enriqueta_Pinto_Garmendia); [1]; Gonzalo (https://es.wikipedia.org/wiki/Gonzalo_Bulnes_Pinto); Manuel Bulnes Pinto (https://es.wikipedia.org/wiki/Manuel_Bulnes_Pinto); Joaquín Prieto (https://es.wikipedia.org/wiki/Joaqu%C3%ADn_Prieto); Francisco Antonio Pinto (https://es.wikipedia.org/wiki/Francisco_Antonio_Pinto); Aníbal Pinto (https://es.wikipedia.org/wiki/An%C3%ADbal_Pinto); ,https://es.wikipedia.org/wiki/Manuel_Bulnes
Francisco Rozas Mendiburú,"7 de julio de 1810Concepción, Chile",,Chilena,Político; ,,,,,Juan Inocencio Martínez de Rozas Correas (https://es.wikipedia.org/wiki/Juan_Mart%C3%ADnez_de_Rozas); ; ; Francisco Antonio Pinto (https://es.wikipedia.org/wiki/Francisco_Antonio_Pinto); ,https://es.wikipedia.org/wiki/Francisco_Rozas_Mendibur%C3%BA
Ricardo Ariztía Urmeneta,"1820 Santiago de Chile,",,Chilena,Abogado; ,,; Diputado de la República de Chile; Santiago – 1849-1852; ,,Conservador,Luisa Pinto Garmendia; ,https://es.wikipedia.org/wiki/Ricardo_Arizt%C3%ADa_Urmeneta
Manuel Bulnes Pinto,"10 de junio de 1842Santiago, Chile Chile","Santiago, Chile",Chilena,Militar; y; político; ,Colegio de los Sagrados Corazones de Santiago,; Diputado de la República de Chile; Mulchén – 1879-1 de marzo de 1882; ; Ministro de Guerra y Marina de Chile – 18 de septiembre-26 de noviembre de 1896; ,,Partido Conservador; ,Manuel Bulnes Prieto (https://es.wikipedia.org/wiki/Manuel_Bulnes_Prieto); Enriqueta Pinto Garmendia (https://es.wikipedia.org/wiki/Enriqueta_Pinto_Garmendia); ; Francisco Antonio Pinto (https://es.wikipedia.org/wiki/Francisco_Antonio_Pinto); Aníbal Pinto Garmendia (https://es.wikipedia.org/wiki/An%C3%ADbal_Pinto_Garmendia); ,https://es.wikipedia.org/wiki/Manuel_Bulnes_Pinto
Francisco Antonio Pinto Cruz,"15 de agosto de 1858 Concepción, República de Chile",,Chileno,"Abogado; ,; político; ,; diplomático; ",,; ; Ministro Plenipotenciario de Chile en Alemania – 1902-1905; ; ; Ministro Plenipotenciario de Chile en Alemania – 5 de agosto de 1895-26 de febrero de 1897; ; Ministro de Guerra y Marina de Chile – 4 de octubre de 1892-27 de marzo de 1893; ; Ministro de Justicia e Instrucción Pública de Chile – 6 de octubre de 1893-26 de abril de 1894; ,,Partido Liberal de Chile,Aníbal Pinto Garmendia (https://es.wikipedia.org/wiki/An%C3%ADbal_Pinto_Garmendia); Delfina de la Cruz Zañartu (https://es.wikipedia.org/wiki/Delfina_de_la_Cruz_Za%C3%B1artu); ; ; Aníbal Pinto Santa Cruz (https://es.wikipedia.org/wiki/An%C3%ADbal_Pinto_Santa_Cruz); ,https://es.wikipedia.org/wiki/Francisco_Antonio_Pinto_Cruz
Ignacio Carrera Pinto,"5 de febrero de 1848 Santiago, Chile",Santiago,Chilena,"Arriero; ,; Militar; ",,,,,José Miguel Carrera Fontecilla (https://es.wikipedia.org/wiki/Jos%C3%A9_Miguel_Carrera_Fontecilla); ,https://es.wikipedia.org/wiki/Ignacio_Carrera_Pinto
José Ignacio Garmendia y Alurralde,1788 San Miguel de Tucumán (Argentina),,Argentina,Político; Diputado de Argentina; ,,,,,,https://es.wikipedia.org/wiki/Jos%C3%A9_Ignacio_Garmendia_y_Alurralde
José María de la Cruz Prieto,"25 de marzo de 1799 Concepción, Reino de Chile (Imperio Español)",,Chilena,,,Intendente de la provincia de Concepción – 1830-1831; ; Ministro de Guerra y Marina de Chile – Diego Portales; ,Infantería,Patriota,Luis De la Cruz (https://es.wikipedia.org/wiki/Luis_De_la_Cruz); ; Delfina De la Cruz Zañartu (https://es.wikipedia.org/wiki/Delfina_de_la_Cruz); ; ,https://es.wikipedia.org/wiki/Jos%C3%A9_Mar%C3%ADa_de_la_Cruz_Prieto
Joaquín Prieto,"20 de agosto de 1786Concepción, Capitanía General de Chile","Santiago, Chile",Chilena,Militar; y; político; ,,; Presidente de la República de Chile – 18 de septiembre de 1831-18 de septiembre de 1841; ; General en Jefe; Ejército de Chile – 2 de abril de 1830-18 de septiembre de 1841; Intendente; provincia de Concepción – 1831-1831; ,,Pelucón,; Manuela Warnes y García de Zúñiga (https://es.wikipedia.org/wiki/Manuela_Warnes_y_Garc%C3%ADa_de_Z%C3%BA%C3%B1iga); ,https://es.wikipedia.org/wiki/Jos%C3%A9_Joaqu%C3%ADn_Prieto
Manuela Warnes,"13 de octubre de 1776Buenos Aires, Virreinato del Río de la Plata,  Reino de España",,Chilena y española,Primera Dama; ,,; Primera dama de Chile – 18 de septiembre de 1831-18 de septiembre de 1841; ,,,Manuel Antonio Warnes (https://es.wikipedia.org/wiki/Manuel_Antonio_Jos%C3%A9_Warnes); Ana Jacoba García de Zúñiga (https://es.wikipedia.org/wiki/Ana_Jacoba_Garc%C3%ADa_de_Z%C3%BA%C3%B1iga); José Joaquín Prieto (https://es.wikipedia.org/wiki/Jos%C3%A9_Joaqu%C3%ADn_Prieto); Joaquín (https://es.wikipedia.org/wiki/Joaqu%C3%ADn_Prieto_Warnes); ,https://es.wikipedia.org/wiki/Manuela_Warnes_y_Garc%C3%ADa_de_Z%C3%BA%C3%B1iga
Juan Martínez de Rozas,"28 de diciembre de 1759 Mendoza, Capitanía General de Chile, Reino de España",,Chilena,Abogado; y; político; ,Real Universidad de San Felipe,; Presidente del Congreso del Reino de Chile – 4 de julio de 1811-4 de julio de 1811; ; Presidente de la Junta Gubernativa del Reino de Chile – 27 de febrero de 1811-2 de abril de 1811; ; Intendente de Concepción – 1788-1788; ,,,; [1]; Francisco Rozas Mendiburú (https://es.wikipedia.org/wiki/Francisco_Rozas_Mendibur%C3%BA); [1]; ,https://es.wikipedia.org/wiki/Juan_Mart%C3%ADnez_de_Rozas
Manuel Montt Balmaceda,13 de octubre de 1925,,Chilena,"abogado; ,; diplomático; ,; escritor; y; rector; ",Universidad de Chile,; Universidad Diego Portales – 1982-junio de 2004; Universidad Diego Portales – 2005-2007; ,,,; ; ; Marta Montt Balmaceda (https://es.wikipedia.org/wiki/Marta_Montt_Balmaceda); Lorenzo Montt Montt (https://es.wikipedia.org/wiki/Lorenzo_Montt_Montt); ,https://es.wikipedia.org/wiki/Manuel_Montt_Balmaceda
Marta Montt Balmaceda,"1 de enero de 1934Santiago, Chile",,Chilena,Modelo artístico; y; modelo; ,,,,,; ; Manuel Montt Balmaceda (https://es.wikipedia.org/wiki/Manuel_Montt_Balmaceda); ,https://es.wikipedia.org/wiki/Marta_Montt_Balmaceda
Lorenzo Montt,"6 de diciembre de 1866Santiago, Chile Chile",,Chilena,Abogado; y; político; ,,; Ministro de Justicia e Instrucción Pública de Chile – 1° de juliode 1920-23 de diciembre de 1920; ; Diputado de la República de Chile; Valparaíso; Casablanca – 1918-1920; ; Alcalde de Valparaíso – 1905-?; ,,,Ambrosio Montt Luco (https://es.wikipedia.org/wiki/Ambrosio_Montt_Luco); ; ; Ambrosio Montt Luco (https://es.wikipedia.org/wiki/Ambrosio_Montt_Luco); Manuel Montt Balmaceda (https://es.wikipedia.org/wiki/Manuel_Montt_Balmaceda); Marta Montt Balmaceda (https://es.wikipedia.org/wiki/Marta_Montt_Balmaceda); ,https://es.wikipedia.org/wiki/Lorenzo_Montt_Montt
Ambrosio Montt Luco,7 de diciembre de 1830  Santiago,,Chilena,Abogado; y; Político; ,Instituto Nacional,; Diputado de la República de Chile; Valparaíso; Casablanca – 2 de junio de 1861-2 de junio de 1870; ; Diputado de la República de Chile; Ovalle; Combarbalá; Illapel – 2 de junio de 1870-2 de junio de 1873; ; Diputado de la República de Chile; Itata; Maule – 2 de junio de 1873-2 de junio de 1879; ; Diputado de la República de Chile; Talca – 2 de junio de 1879-2 de junio de 1882; ,,Nacional,Lorenzo Montt y Pérez de Valenzuela (https://es.wikipedia.org/wiki/Lorenzo_Montt_y_P%C3%A9rez_de_Valenzuela); ; Lorenzo Montt Montt (https://es.wikipedia.org/wiki/Lorenzo_Montt_Montt); Lorenzo Montt Montt (https://es.wikipedia.org/wiki/Lorenzo_Montt_Montt); ,https://es.wikipedia.org/wiki/Ambrosio_Montt_Luco
Arturo Matte Alessandri,"15 de julio de 1924Santiago de Chile, Chile",,Chilena,Ingeniero y periodista; ,,,,,; Magdalena (https://es.wikipedia.org/wiki/Magdalena_Matte); ,https://es.wikipedia.org/wiki/Arturo_Matte_Alessandri
Magdalena Matte,"13 de agosto de 1950 (74 años)Santiago, Chile","Santiago, Chile",Chilena,"Ingeniera civil; ,; empresaria; y; política; ",; Universidad Católica de Chile,; Ministra de Vivienda y Urbanismo de Chile – 11 de marzo de 2010-19 de abril de 2011; ,,; Unión Demócrata Independiente,Arturo Matte Alessandri (https://es.wikipedia.org/wiki/Arturo_Matte_Alessandri); Hernán Larraín Fernández (https://es.wikipedia.org/wiki/Hern%C3%A1n_Larra%C3%ADn); Hernán (https://es.wikipedia.org/wiki/Hern%C3%A1n_Larra%C3%ADn_Matte); Pablo (https://es.wikipedia.org/wiki/Pablo_Larra%C3%ADn); ,https://es.wikipedia.org/wiki/Magdalena_Matte
Hernán Larraín Fernández,21 de septiembre de 1947 (77 años)Santiago (Chile),Santiago (Chile),Chilena,Abogado; y; político; ,Pontificia Universidad Católica de Chile; Derecho; Escuela de Economía y Ciencia Política de Londres; Maestría en Leyes,; Comisión Experta – 6 de marzo de 2023-7 de noviembre de 2023; ; Comisión Experta – 6 de marzo de 2023-6 de marzo de 2023; ; Ministro de Justicia y Derechos Humanos de Chile – 11 de marzo de 2018-11 de marzo de 2022; ; Presidente del Senado de Chile – 16 de marzo de 2004-11 de marzo de 2005; ; Senador de la República de Chile; Circunscripción 11; Maule Sur – 11 de marzo de 1994-11 de marzo de 2018; ; Presidente; Federación de Estudiantes de la Universidad Católica de Chile – 1969-1970; ,Derecho y política,Unión Demócrata Independiente; ,; Magdalena Matte (https://es.wikipedia.org/wiki/Magdalena_Matte); Hernán (https://es.wikipedia.org/wiki/Hern%C3%A1n_Larra%C3%ADn_Matte); Pablo (https://es.wikipedia.org/wiki/Pablo_Larra%C3%ADn); ,https://es.wikipedia.org/wiki/Hern%C3%A1n_Larra%C3%ADn
Hernán Larraín Matte,"24 de diciembre de 1974  (50 años)Santiago, Chile",,Chilena,"Abogado; ,; político; y; productor de cine; ",Universidad Finis Terrae; Derecho; Pontificia Universidad Católica de Chile; Ciencias Políticas; Escuela de Economía y Ciencia Política de Londres; Política pública,; Convención Constitucional de la República de Chile – 12 de abril de 2022-4 de julio de 2022; ; Convencional constituyentede la República de Chile; Distrito N° 11; Las Condes; Lo Barnechea; Vitacura; La Reina; Peñalolén – 4 de julio de 2021-4 de julio de 2022; ,Derecho y política,; Evolución Política; ; Renovación Nacional,Hernán Larraín (https://es.wikipedia.org/wiki/Hern%C3%A1n_Larra%C3%ADn_Fern%C3%A1ndez); ; Magdalena Matte (https://es.wikipedia.org/wiki/Magdalena_Matte); ; Pablo Larraín (https://es.wikipedia.org/wiki/Pablo_Larra%C3%ADn); ,https://es.wikipedia.org/wiki/Hern%C3%A1n_Larra%C3%ADn_Matte
Pablo Larraín,"19 de agosto de 1976  (48 años)Santiago, Chile",,Chilena,"Director de cine; ,; productor de cine; ,; productor ejecutivo; ,; guionista; ,; editor de cine; , realizador y; guionista de cine; ","Universidad de Artes, Ciencias y Comunicación; Comunicación audiovisual",,"Dirección cinematográfica, producción cinematográfica y guión cinematográfico",,Hernán Larraín (https://es.wikipedia.org/wiki/Hern%C3%A1n_Larra%C3%ADn_Fern%C3%A1ndez); ; Magdalena Matte (https://es.wikipedia.org/wiki/Magdalena_Matte); ; Antonia Zegers (https://es.wikipedia.org/wiki/Antonia_Zegers); ; ; ,https://es.wikipedia.org/wiki/Pablo_Larra%C3%ADn
José Esteban de Montt Cabrera,1709 Lima (Perú),Chile,Peruana,Militar; y; Estanciero; ,,,,,Familia Montt; ; ,https://es.wikipedia.org/wiki/José_Esteban_de_Montt_Cabrera
José Santiago Montt Irarrázaval,"14 de noviembre de 1783 Melipilla, Chile",,Chilena,Abogado; ,Real Universidad de San Felipe,; Diputado de la República de Chile; Santiago – 1837-1840; Diputado de la República de Chile; Curicó; Santa Cruz; Vichuquén – 1840-1853; Diputado de la República de Chile; Ancud; Quinchao; Castro – 1843-1846; ; Diputado convencional de Chile – 23 de julio-30 de octubre de 1822; ,,Conservador,; Santiago Montt Albano (https://es.wikipedia.org/wiki/Santiago_Montt_Albano); ; ,https://es.wikipedia.org/wiki/José_Santiago_Montt_Irarrázaval
Santiago Montt Albano,"11 de agosto de 1817 Valparaíso, Chile",,Chilena,Abogado; ,Universidad de Chile,; Diputado de la República de Chile; Santiago – 1855-1858; ,,Nacional,José Santiago Montt Irarrázaval (https://es.wikipedia.org/wiki/Jos%C3%A9_Santiago_Montt_Irarr%C3%A1zaval); ; ,https://es.wikipedia.org/wiki/Santiago_Montt_Albano
José Anacleto Montt Goyenechea,"1802 Valparaíso, Reino de Chile",,Chilena,Abogado; ,Instituto Nacional,; Diputado de la República de Chile; Santiago – 1852-1855; ,,,; ; ,https://es.wikipedia.org/wiki/José_Anacleto_Montt_Goyenechea
Rosario Montt,1827,,Chilena,Primera dama; ,,; Primera dama de Chile – 18 de septiembre de 1851-18 de septiembre de 1861; ,,,Familia Gallo Goyenechea; ; Manuel Montt (https://es.wikipedia.org/wiki/Manuel_Montt); ; Pedro Montt (https://es.wikipedia.org/wiki/Pedro_Montt); Luis Montt Montt (https://es.wikipedia.org/wiki/Luis_Montt_Montt); Alberto Montt Montt (https://es.wikipedia.org/wiki/Alberto_Montt_Montt); Enrique Montt Montt (https://es.wikipedia.org/wiki/Enrique_Montt_Montt); ; ,https://es.wikipedia.org/wiki/Rosario_Montt
Manuel Montt,"4 de septiembre de 1809 Petorca, Capitanía General de Chile, Imperio Español",,Chilena,Abogado; y; político; ,; Instituto Nacional,"; Presidente de la República de Chile – 18 de septiembre de 1851-18 de septiembre de 1861; ; Presidente de la Corte Suprema de Chile – 1861-1880; ; Presidente de la Cámara de Diputados de Chile – 7 de octubre de 1846-29 de mayo de 1849; ; Rector del Instituto Nacional de Chile – 1835-1840; ; Ministro de Interior y  Relaciones Exteriores de Chile – 1845-1846; ; Ministro de Justicia, Culto e Instrucción Pública de Chile – 1841-1845; ",,Conservador; Partido Nacional,Familia Montt; ; ; Rosario Montt Goyenechea (https://es.wikipedia.org/wiki/Rosario_Montt_Goyenechea); Pedro (https://es.wikipedia.org/wiki/Pedro_Montt); Luis (https://es.wikipedia.org/wiki/Luis_Montt_Montt); Alberto (https://es.wikipedia.org/wiki/Alberto_Montt_Montt); Enrique (https://es.wikipedia.org/wiki/Enrique_Montt_Montt); Manuel Montt Lehuedé (https://es.wikipedia.org/wiki/Manuel_Montt_Lehued%C3%A9); Luis Montt Dubournais (https://es.wikipedia.org/wiki/Luis_Montt_Dubournais); ,https://es.wikipedia.org/wiki/Manuel_Montt
Pedro Montt,"29 de junio de 1849Santiago, Chile","Santiago, Chile",Chilena,Político; y; abogado; ,Universidad de Chile; Instituto Nacional,; Presidente de la República de Chile – 18 de septiembre de 1906-16 de agosto de 1910†; ; Presidente de la Cámara de Diputados de Chile – 14 de octubre de 1899-15 de mayo de 1900; ; Ministro del Interior de Chile – 1893-26 de abril de 1894; ; Ministro de Hacienda de Chile – 23 de octubre de 1889-21 de enero de 1890; ; Ministro de Industrias y Obras Públicas de Chile – 21 de junio de 1887-1 de mayo de 1889; ; Ministro de Justicia e; Instrucción Pública de Chile – 1886-18 de septiembre de 1886; ; Senador de la República de Chile; Cautín – 1 de junio de 1900-1 de junio de 1906; ; Diputado de la República de Chile; Petorca – 1 de junio de 1879-1 de junio de 1900; ,,Partido Nacional,Manuel Montt (https://es.wikipedia.org/wiki/Manuel_Montt); ; Rosario Montt Goyenechea (https://es.wikipedia.org/wiki/Rosario_Montt); ; Sara del Campo Yávar (https://es.wikipedia.org/wiki/Sara_del_Campo_Y%C3%A1var); Luis (https://es.wikipedia.org/wiki/Luis_Montt_Montt); Enrique Julio Montt Montt (https://es.wikipedia.org/wiki/Enrique_Montt_Montt); ,https://es.wikipedia.org/wiki/Pedro_Montt
Luis Montt Montt,18 de abril de 1848,"Santiago, Chile",Chilena,Abogado; y; político; ,Universidad de Chile; Instituto Nacional,; Diputado suplente de la República de Chile; Lautaro – 1 de junio de 1876-1 de junio de 1879; ,,Partido Nacional,Manuel Montt (https://es.wikipedia.org/wiki/Manuel_Montt); ; Rosario Montt Goyenechea (https://es.wikipedia.org/wiki/Rosario_Montt); ; ; Manuel (https://es.wikipedia.org/wiki/Manuel_Montt_Lehued%C3%A9); Pedro (https://es.wikipedia.org/wiki/Pedro_Montt); Enrique Montt Montt (https://es.wikipedia.org/wiki/Enrique_Montt_Montt); ,https://es.wikipedia.org/wiki/Luis_Montt_Montt
Alberto Montt Montt,"1860 Santiago, Chile",,Chilena,Abogado; ,Universidad de Chile,; Diputado de la República; Temuco; Imperial – 1891-1894; ; Diputado de la República; Talca – 1888-1891; ,,Partido Liberal,Manuel Montt (https://es.wikipedia.org/wiki/Manuel_Montt); ; Rosario Montt Goyenechea (https://es.wikipedia.org/wiki/Rosario_Montt); ; ; ,https://es.wikipedia.org/wiki/Alberto_Montt_Montt
Enrique Montt Montt,"20 de diciembre de 1861 Santiago, Chile","Santiago, Chile",Chilena,"Abogado; ,; escritor; y; político; ",Universidad de Chile,; Diputado de la República de Chile; Valdivia; La Unión – 1 de junio de 1891-1 de junio de 1893; ,,; Liberal,Manuel Montt Torres (https://es.wikipedia.org/wiki/Manuel_Montt); Rosario Montt Goyenechea (https://es.wikipedia.org/wiki/Rosario_Montt_Goyenechea); ; Luis (https://es.wikipedia.org/wiki/Luis_Montt_Montt); Pedro Montt (https://es.wikipedia.org/wiki/Pedro_Montt); ,https://es.wikipedia.org/wiki/Enrique_Montt_Montt
Manuel Montt Lehuedé,"9 de septiembre de 1904Santiago, Chile","Santiago, Chile",Chilena,Abogado; y; político; ,Universidad de Chile; Facultad de Derecho de la Universidad de Chile,; Diputado de la República de Chile; 15.ª Agrupación Departamental; Itata; San Carlos – 15 de mayo de 1941-15 de mayo de 1949; ; Secretario general; Partido Liberal – 1932-1941; ,,; Partido Liberal,Luis Montt Montt (https://es.wikipedia.org/wiki/Luis_Montt_Montt); ; Luis (https://es.wikipedia.org/wiki/Luis_Montt_Dubournais); Manuel Montt Torres (https://es.wikipedia.org/wiki/Manuel_Montt_Torres); ,https://es.wikipedia.org/wiki/Manuel_Montt_Lehued%C3%A9
Luis Montt Dubournais,"27 de agosto de 1945Santiago, Chile Chile","Santiago, Chile",Chilena,Abogado; y; político; ,Universidad de Chile,; Alcalde de La Reina – 6 de diciembre de 2004-6 de diciembre de 2012; ; Concejal de La Reina – 6 de diciembre de 2000-6 de diciembre de 2004; ,,; Renovación Nacional,Manuel Montt Lehuedé (https://es.wikipedia.org/wiki/Manuel_Montt_Lehued%C3%A9); ; ; Manuel Montt Torres (https://es.wikipedia.org/wiki/Manuel_Montt_Torres); Isidoro Dubournais (https://es.wikipedia.org/wiki/Isidoro_Dubournais); ,https://es.wikipedia.org/wiki/Luis_Montt_Dubournais
Lorenzo Montt y Pérez de Valenzuela,"1784 Casablanca, Reino de Chile, Imperio español",,,Agricultor; y; Político; ,,; Diputado en laAsamblea Provincial de Santiago; Casablanca – 29 de marzo de 1823-3 de abril de 1833; ,,,; ; Ambrosio Montt Luco (https://es.wikipedia.org/wiki/Ambrosio_Montt_Luco); ,https://es.wikipedia.org/wiki/Lorenzo_Montt_y_Pérez_de_Valenzuela
Ismael Pérez Montt,1847Santiago,,Chilena,abogado; y; político; Diputado de Chile; Senador de Chile; ,Universidad de Chile,,,,Juan José Pérez Vergara (https://es.wikipedia.org/wiki/Juan_Jos%C3%A9_P%C3%A9rez_Vergara); ; ,https://es.wikipedia.org/wiki/Ismael_Pérez_Montt
Juan José Pérez Vergara,"18 de septiembre de 1815 Santiago de Chile, Chile",,Chilena,Hacendado; ,,; Senador de la República de Chile; Valdivia – 1852-1870; ; Diputado de la República de Chile; Valparaíso – 1858-1861; ,,Nacional,; Ismael Pérez Montt (https://es.wikipedia.org/wiki/Ismael_P%C3%A9rez_Montt); ,https://es.wikipedia.org/wiki/Juan_Jos%C3%A9_P%C3%A9rez_Vergara
Julio Montt Salamanca,29 de septiembre de 1861 Valparaíso (Chile),,Chilena,Soldado; ,Escuela Militar del Libertador Bernardo O'Higgins,,,,; ,https://es.wikipedia.org/wiki/Julio_Montt_Salamanca
Eugenio Guzmán Montt,"24 de junio de 1875 Santiago, Chile",,Chilena,"Abogado; ,; Diplomático; y; Agricultor; ",Colegio de los Sagrados Corazones de Santiago; Instituto Nacional,,,,; ; ,https://es.wikipedia.org/wiki/Eugenio_Guzmán_Montt
José Eugenio Guzmán Irarrázaval,6 de septiembre de 1841 Talca (Chile),Santiago de Chile,Chilena,Agricultor vitivinícola; ,Instituto Nacional,; Senador (s) de la República de Chile – 1900-1906; ,,Partido Liberal,José Manuel Guzmán Echeverría (https://es.wikipedia.org/wiki/Jos%C3%A9_Manuel_Guzm%C3%A1n_Echeverr%C3%ADa); ; Eugenio (https://es.wikipedia.org/wiki/Eugenio_Guzm%C3%A1n_Montt); Roberto (https://es.wikipedia.org/wiki/Roberto_Guzm%C3%A1n_Montt); Jorge Guzmán Montt (https://es.wikipedia.org/wiki/Jorge_Guzm%C3%A1n_Montt); ,https://es.wikipedia.org/wiki/José_Eugenio_Guzmán_Irarrázaval
José Manuel Guzmán Echeverría,"26 de enero de 1809Santiago,  Capitanía General de Chile",Quillota y Santiago de Chile,Chilena,Político; y; Agricultor; ,,; Senador de la República de Chile – 1861-1870; ; Diputado de la República de Chile; Quillota – 1858-1861; ,,Conservador,Diego Guzmán Ibáñez; ; José Eugenio (https://es.wikipedia.org/wiki/Jos%C3%A9_Eugenio_Guzm%C3%A1n_Irarr%C3%A1zaval); ,https://es.wikipedia.org/wiki/Jos%C3%A9_Manuel_Guzm%C3%A1n_Echeverr%C3%ADa
Roberto Guzmán Montt,"8 de junio de 1876 , Santiago de Chile",,Chilena,Político; y; abogado; Diputado de Chile; ,Colegio de los Sagrados Corazones de Santiago; Instituto Nacional,,,,José Eugenio Guzmán Irarrázaval (https://es.wikipedia.org/wiki/Jos%C3%A9_Eugenio_Guzm%C3%A1n_Irarr%C3%A1zaval); ; Pedro Montt Montt (https://es.wikipedia.org/wiki/Pedro_Montt_Montt); Manuel Montt (https://es.wikipedia.org/wiki/Manuel_Montt); ,https://es.wikipedia.org/wiki/Roberto_Guzm%C3%A1n_Montt
Jorge Guzmán Montt,"2 de febrero de 1879 Santiago, Chile",,Chilena,político; y; abogado; ,Universidad de Chile; Instituto Nacional; Colegio San Ignacio; Colegio de los Sagrados Corazones de Santiago,Diputado de la República de Chile; Quillota; Limache – 1912-1921; ,,Nacional,José Eugenio Guzmán Irarrázaval (https://es.wikipedia.org/wiki/Jos%C3%A9_Eugenio_Guzm%C3%A1n_Irarr%C3%A1zaval); ; ,https://es.wikipedia.org/wiki/Jorge_Guzm%C3%A1n_Montt
Alberto Cruz Montt,1879Valparaíso,,Chilena,Arquitecto; y; profesor universitario; ,,,Arquitectura,,Familia Montt; ; ,https://es.wikipedia.org/wiki/Alberto_Cruz_Montt
Cristina Montt,"10 de mayo de 1895 Talcahuano, Chile",,Chilena,Actriz; ,,,,,Familia Montt; ; ; Julio Eduardo Martínez Montt; ,https://es.wikipedia.org/wiki/Cristina_Montt
Teresa Wilms Montt,"8 de septiembre de 1893 Viña del Mar, Chile",,chilena,"escritora; ,; anarquista; ",,,,,Familia Montt; ; ; ; ; ,https://es.wikipedia.org/wiki/Teresa_Wilms_Montt
Julio Montt,"27 de abril de 1926Osorno, Chile","Osorno/Santiago, Chile",Chilena,Médico; y; político; ,Escuela Militar del Libertador Bernardo O'Higgins; Universidad de Chile,; Concejal; Las Condes – 6 de diciembre de 2000-6 de diciembre de 2004; ; Ministro de Salud de Chile – 30 de octubre de 1992-11 de marzo de 1994; ; Diputado de la República de Chile; 23.ª Agrupación Departamental; Osorno; Río Negro – 15 de mayo de 1965-21 de septiembre de 1973[notas 1]​; ; Regidor; Osorno – 1963-1965; ,,; Partido Demócrata Cristiano; ; Falange Nacional,; ; Julio (https://es.wikipedia.org/wiki/Julio_Montt_Vidal); Francisco Vidal Salinas (https://es.wikipedia.org/wiki/Francisco_Vidal_Salinas); ,https://es.wikipedia.org/wiki/Julio_Montt
Julio Montt Vidal,1954 (67-68 años),,Chilena,Médico cirujano; y; político; ,Universidad de Chile,Hospital Dr. Luis Tisné Brousse – Desde el 11 de marzo de 2010; ; Subsecretario de Redes Asistenciales de Chile – 6 de noviembre de 2008-11 de marzo de 2010; Hospital Dr. Luis Calvo Mackenna – noviembre de 1992-septiembre de 1995;  – 11 de marzo de 1990-noviembre de 1992; ,,Partido Demócrata Cristiano,Julio Montt Momberg (https://es.wikipedia.org/wiki/Julio_Montt_Momberg); Francisco Vidal Salinas (https://es.wikipedia.org/wiki/Francisco_Vidal_Salinas); ,https://es.wikipedia.org/wiki/Julio_Montt_Vidal
Francisco Vidal Salinas,"20 de septiembre de 1953 (71 años)Santiago, Chile","Santiago, Chile",Chilena,Profesor; y; político; ,Universidad de Chile,; Ministro de Defensa Nacional de Chile – 12 de marzo de 2009-11 de marzo de 2010; ; Ministro Secretario General de Gobierno de Chile – 6 de diciembre de 2007-12 de marzo de 2009; ; Ministro del Interior de Chile – 24 de mayo de 2005-11 de marzo de 2006; ; Subsecretario de Desarrollo Regional y Administrativo de Chile – 11 de marzo de 2000-3 de marzo de 2003; ,,; Partido por la Democracia; ; Partido Nacional,; ; ; Julio Montt Momberg (https://es.wikipedia.org/wiki/Julio_Montt_Momberg); Julio Montt Vidal (https://es.wikipedia.org/wiki/Julio_Montt_Vidal); ,https://es.wikipedia.org/wiki/Francisco_Vidal_Salinas
Mario Garrido Montt,29 de marzo de 1927,,Chilena,Abogado; ,Universidad de Chile,; Presidente de la Corte Suprema de Chile – 2002-2003; ,,,,https://es.wikipedia.org/wiki/Mario_Garrido_Montt
Pedro Montt Leiva,1956,"Santiago, Chile",Chilena,Profesor; de; ciencias naturales; y; química; y; político; ,Universidad Católica de Chile,; Subsecretario de Educación de Chile – 11 de marzo de 2004-11 de marzo de 2006; ,,; Partido Demócrata Cristiano,; ; ,https://es.wikipedia.org/wiki/Pedro_Montt_Leiva
Raúl Celis Montt,"5 de septiembre de 1962 (62 años)Viña del Mar, Chile","Viña del Mar, Chile",Chilena,Abogado; y; político; ,Sede Valparaíso de la Universidad de Chile,; Convención Constitucional de la República de Chile – 6 de enero de 2022-11 de abril de 2022; ; Convencional constituyentede la República de Chile; Distrito N° 7; Isla de Pascua; Juan Fernández; Valparaíso; Concón; Viña del Mar; Algarrobo; Cartagena; Casablanca; El Quisco; El Tabo; San Antonio; Santo Domingo – 4 de julio de 2021-4 de julio de 2022; ; Intendente de la Región de Valparaíso – 11 de marzo de 2010-11 de marzo de 2014; ,,Renovación Nacional,; ; Andrés Celis (https://es.wikipedia.org/wiki/Andr%C3%A9s_Celis); Víctor R. Celis Maturana (https://es.wikipedia.org/wiki/V%C3%ADctor_R._Celis_Maturana); ,https://es.wikipedia.org/wiki/Raúl_Celis_Montt
Andrés Celis,"8 de abril de 1975 (50 años)Viña del Mar, Chile","Viña del Mar, Chile",Chilena,Político; ,Universidad Adolfo Ibáñez,; Diputado de la República de Chile; Distrito N.º 7; Algarrobo; Cartagena; Casablanca; Concón; El Quisco; El Tabo; Isla de Pascua; Juan Fernández; San Antonio; Santo Domingo; Valparaíso; Viña del Mar – Desde el 11 de marzo de 2018; ; Concejal de Viña del Mar – 6 de diciembre de 2000-18 de noviembre de 2016; ,,; Renovación Nacional,; Raúl Celis Montt (https://es.wikipedia.org/wiki/Ra%C3%BAl_Celis_Montt); Víctor R. Celis Maturana (https://es.wikipedia.org/wiki/V%C3%ADctor_R._Celis_Maturana); ,https://es.wikipedia.org/wiki/Andr%C3%A9s_Celis
Víctor R. Celis Maturana,"24 de octubre de 1880San Vicente, Chile","Santiago, Chile",Chilena,Abogado; y; político; ,Instituto Nacional; Universidad de Chile,; Senador de la República de Chile; Santiago – 15 de mayo-11 de septiembre de 1924; ; Ministro de Hacienda de Chile – 16 de marzo-14 de junio de 1923; ; Diputado de la República de Chile; Santiago – 15 de mayo de 1918-15 de mayo de 1924; ,,; Partido Radical,; ; ; Raúl (https://es.wikipedia.org/wiki/Ra%C3%BAl_Celis_Montt); Andrés Celis (https://es.wikipedia.org/wiki/Andr%C3%A9s_Celis); ,https://es.wikipedia.org/wiki/V%C3%ADctor_R._Celis_Maturana
Andrés Wood,14 de septiembre de 1965  (59 años)Santiago de Chile (Chile),,Chilena,"Director de cine; ,; guionista; y; productor de cine; ",Pontificia Universidad Católica de Chile; Ingeniería comercial; Universidad de Nueva York; Cinematografía; Saint George's College,,,,; ; ,https://es.wikipedia.org/wiki/Andrés_Wood
Cristo Montt,"2 de julio de 1981  (43 años) Santiago, Chile","Los Ángeles, California, Estados Unidos",Chilena,Actor; ,Saint George's College,,,,,https://es.wikipedia.org/wiki/Cristo_Montt
Antonia Zegers,"29 de junio de 1972 (52 años)Santiago, Chile",Santiago de Chile,Chilena,Actriz; ,,,,,; Pablo Larraín (https://es.wikipedia.org/wiki/Pablo_Larra%C3%ADn); ; ,https://es.wikipedia.org/wiki/Antonia_Zegers
María Eugenia Larraín,16 de octubre de 1973 (51 años) Chile,,Chilena,"Ingeniera comercial; ,; modelo; ",Liceo Experimental Manuel de Salas,,,,; Marcelo Ríos (https://es.wikipedia.org/wiki/Marcelo_R%C3%ADos); ; ,https://es.wikipedia.org/wiki/María_Eugenia_Larraín
Fernando Larraín,"21 de septiembre de 1962 (62 años)Santiago, Chile",,Chilena,"Actor; ,; locutor de radio; ,; comediante; ,; presentador de televisión; ,; cantante; ",,,,,Fernando Larraín Munita (https://es.wikipedia.org/wiki/Mago_Larra%C3%ADn); ; ; Nicolás Larraín (https://es.wikipedia.org/wiki/Nicol%C3%A1s_Larra%C3%ADn); Juan Cristóbal Guarello (https://es.wikipedia.org/wiki/Juan_Crist%C3%B3bal_Guarello); ,https://es.wikipedia.org/wiki/Fernando_Larraín
Mago Larraín,"6 de abril de 1935Santiago, Chile",,Chilena,"ilusionista; ,; actor; ,; locutor; ,; constructor civil; ",,,,,; Fernando Larraín (https://es.wikipedia.org/wiki/Fernando_Larra%C3%ADn); Pablo Larraín; Nicolás Larraín (https://es.wikipedia.org/wiki/Nicol%C3%A1s_Larra%C3%ADn); Matías Larraín; María Paz Larraín; José Tomás Larraín; Constanza Larraín; ,https://es.wikipedia.org/wiki/Mago_Larra%C3%ADn
Nicolás Larraín,"19 de mayo de 1965 (59 años)Santiago, Chile",,Chilena,"Presentador de televisión; ,; locutor; de; radio; ,; actor; ,; comediante; ,; músico; ,; compositor; ,; empresario; ",,,,,Fernando Larraín Munita (https://es.wikipedia.org/wiki/Mago_Larra%C3%ADn); ; Juan Cristóbal Guarello (https://es.wikipedia.org/wiki/Juan_Crist%C3%B3bal_Guarello); Fernando Larraín (https://es.wikipedia.org/wiki/Fernando_Larra%C3%ADn); ,https://es.wikipedia.org/wiki/Nicol%C3%A1s_Larra%C3%ADn
Juan Cristóbal Guarello,"15 de marzo de 1969 (56 años)Santiago, Chile",,Chilena,"Comentarista deportivo de radio y televisión, escritor; ",Universidad Diego Portales; Periodismo; Pontificia Universidad Católica de Chile; Postítulo,,,,; [1]; Ángel Guarello (https://es.wikipedia.org/wiki/%C3%81ngel_Guarello); Fernando Guarello Fitz-Henry (https://es.wikipedia.org/wiki/Fernando_Guarello_Fitz-Henry); Alejandro Guarello (https://es.wikipedia.org/wiki/Alejandro_Guarello); Fernando (https://es.wikipedia.org/wiki/Fernando_Larra%C3%ADn); Nicolás Larraín (https://es.wikipedia.org/wiki/Nicol%C3%A1s_Larra%C3%ADn); Antonia Orellana (https://es.wikipedia.org/wiki/Antonia_Orellana); ,https://es.wikipedia.org/wiki/Juan_Crist%C3%B3bal_Guarello
Ángel Guarello,30 de octubre de 1866 Valparaíso (Chile),"Valparaíso, Chile",Chilena,Político; y; abogado; ,,"; Alcalde de Valparaíso – diciembre de 1926-junio de 1927; ; Ministro de Industria, Obras Públicas y Ferrocarriles de Chile – 5 de septiembre-12 de septiembre de 1924; ; Ministro de Justicia; Instrucción Pública de Chile – 1922-1922; ; Senador de la República de Chile; Provincia de Valparaíso – 15 de mayo de 1912-15 de mayo de 1918; ; Diputado de la República de Chile; Valparaíso; Casablanca – 1 de marzo de 1903-1 de marzo de 1906; ; Diputado de la República de Chile; Valparaíso; Casablanca – 1 de marzo de 1894-1 de marzo de 1900; ",,Partido Demócrata,; ; Fernando (https://es.wikipedia.org/wiki/Fernando_Guarello_Fitz-Henry); Jorge (https://es.wikipedia.org/wiki/Jorge_Guarello_Fitz-Henry); Juan Cristóbal Guarello (https://es.wikipedia.org/wiki/Juan_Crist%C3%B3bal_Guarello); ,https://es.wikipedia.org/wiki/%C3%81ngel_Guarello
Fernando Guarello Fitz-Henry,29 de julio de 1906 Valparaíso (Chile),"Valparaíso, Chile",Chilena,Político; y; abogado; ,Liceo Eduardo de la Barra de Valparaíso; Escuela de Derecho de la Universidad de Valparaíso,; Diputado de la República de Chile; 6.ª Agrupación Departamental; Quillota; Valparaíso – 15 de mayo de 1937-19 de junio de 1971; ,,; M. Nacional-Socialista,Ángel Guarello Costa (https://es.wikipedia.org/wiki/%C3%81ngel_Guarello_Costa); ; ; Jorge Guarello Fitz-Henry (https://es.wikipedia.org/wiki/Jorge_Guarello_Fitz-Henry); Juan Cristóbal Guarello (https://es.wikipedia.org/wiki/Juan_Crist%C3%B3bal_Guarello); Antonia Orellana (https://es.wikipedia.org/wiki/Antonia_Orellana); ,https://es.wikipedia.org/wiki/Fernando_Guarello_Fitz-Henry
Alejandro Guarello,"21 de agosto de 1951 (73 años)Viña del Mar, Chile",,Chilena,Compositor; y; director de orquesta; ,Pontificia Universidad Católica de Valparaíso; Universidad de Chile; Conservatorio Giuseppe Verdi; Accademia Musicale Chigiana,,,,Juan Cristóbal Guarello (https://es.wikipedia.org/wiki/Juan_Crist%C3%B3bal_Guarello); ,https://es.wikipedia.org/wiki/Alejandro_Guarello
Antonia Orellana,21 de diciembre de 1989  (35 años)Santiago de Chile (Chile),"Ñuñoa, Chile",Chilena,Periodista; y; política; ,Universidad de Chile,; Ministra de la Mujer y la Equidad de Género de Chile – Desde el 11 de marzo de 2022; ,,Frente Amplio; ; Convergencia Social,; Juan Cristóbal Guarello (https://es.wikipedia.org/wiki/Juan_Crist%C3%B3bal_Guarello); ,https://es.wikipedia.org/wiki/Antonia_Orellana
